franssen_grade,wavelength_nm,mean_reflectance_percent,relative_repeatability_95,approx_abs_95_halfwidth_percent
4,480,0.10241479364986744,0.13636880220938927,0.013966182738554189
4,500,3.3366915550634793,0.13636880220938927,0.4550206307061911
4,520,3.4997856876844127,0.13636880220938927,0.47726158221908704
4,540,3.5842982902295852,0.11817860524881053,0.42358737273502867
4,560,3.6708516977343564,0.13001385550760663,0.4772615822190871
4,580,3.7594951914272965,0.0930919048829988,0.34997856876844124
4,600,3.6708516977343564,0.06058755398375444,0.22240792540283696
4,620,3.5842982902295852,0.06058755398375444,0.21716386615316374
4,640,3.4997856876844127,0.06665522471363272,0.23327900146216016
4,660,3.3366915550634793,0.06354901278254847,0.21204345428415058
4,680,3.2580171634879806,0.06665522471363272,0.21716386615316363
4,700,3.1061897286787477,0.08067440133510437,0.25058999679440824
4,720,3.032950238906007,0.09764214371399989,0.2961437631046706
4,740,2.9614376310467065,0.11817860524881053,0.34997856876844136
4,760,2.9614376310467065,0.09764214371399989,0.2891611187707099
4,780,2.9614376310467065,0.13636880220938927,0.40384770256365066
4,800,2.9614376310467065,0.17311789746714853,0.512677856166899
4,820,2.891611187707099,0.1997644181778878,0.5776410265089796
4,840,2.7568587026633335,0.21977025491086027,0.6058755398375444
4,860,2.4468144480290386,0.2417796191340484,0.5915898653361479
4,880,2.070437743682599,0.2926316145878888,0.6058755398375444
4,900,1.5924746909466625,0.18157972645632142,0.28916111877071
10,480,0.09533988229065408,0.26599315841134213,0.025359756413056666
10,500,3.6708516977343564,0.2926316145878888,1.0742072592206973
10,520,4.442918981624879,0.20952870234188462,0.9309190488299883
10,540,5.126778561668991,0.15735885676490252,0.8067440133510437
10,560,5.640210812549223,0.08461768506191314,0.4772615822190874
10,580,6.0587553983754425,0.038502792425769525,0.2332790014621602
10,600,6.354901278254845,0.11267134313695272,0.7160152625237111
10,620,6.508359030777487,0.15735885676490252,1.0241479364986743
10,640,6.665522471363276,0.16505039966923474,1.100147147902774
10,660,6.665522471363276,0.17311789746714853,1.153921235762442
10,680,6.665522471363276,0.1904551611494083,1.269483156428495
10,700,6.508359030777487,0.2305124042851935,1.5002574881357702
10,720,6.508359030777487,0.24761809802357107,1.6115874844556537
10,740,6.508359030777487,0.26599315841134213,1.7311789746714852
10,760,6.665522471363276,0.2417796191340484,1.611587484455654
10,780,6.665522471363276,0.26599315841134213,1.7729833746196926
10,800,6.665522471363276,0.2926316145878888,1.95054260286689
10,820,6.665522471363276,0.3376738343284153,2.250772530707452
10,840,6.508359030777487,0.35417899226997096,2.305124042851935
10,860,6.205061838996413,0.35417899226997096,2.1977025491086026
10,880,5.640210812549223,0.3804616445598741,2.1458838814068613
10,900,5.005896491083373,0.16505039966923474,0.8262252165561305
11,480,0.13636880220938927,0.06354901278254847,0.008666102754745303
11,500,1.224849985972066,0.08461768506191314,0.103643970361073
11,520,1.7942626234056414,0.08067440133510437,0.14475106298120394
11,540,2.389122079759427,0.08461768506191314,0.2021619797195461
11,560,2.891611187707099,0.10742072592206975,0.3106189728678749
11,580,3.181197800999717,0.13001385550760663,0.41359979124029317
11,600,3.4997856876844127,0.14303437232453678,0.5005896491083373
11,620,3.7594951914272965,0.14303437232453678,0.5377370349629176
11,640,3.8502792425769545,0.15735885676490252,0.6058755398375444
11,660,3.943255541228866,0.16903602623952815,0.6665522471363273
11,680,3.943255541228866,0.17311789746714853,0.6826481084732241
11,700,3.943255541228866,0.1997644181778878,0.7877221489203164
11,720,3.8502792425769545,0.21977025491086027,0.8461768506191313
11,740,3.7594951914272965,0.2305124042851935,0.86661027547453
11,760,3.7594951914272965,0.2417796191340484,0.9089693155195782
11,780,3.7594951914272965,0.2926316145878888,1.1001471479027738
11,800,3.6708516977343564,0.32193783617504945,1.1817860524881054
11,820,3.4997856876844127,0.3376738343284153,1.1817860524881054
11,840,3.181197800999717,0.35417899226997096,1.1267134313695273
11,860,2.891611187707099,0.3714909057577997,1.074207259220697
11,880,2.389122079759427,0.3714909057577997,0.8875371253757877
11,900,1.8375903632975856,0.17729833746196927,0.32580171634879806
13,480,0.12694831564284945,0.09764214371399989,0.012395505680249325
13,500,0.836141526087286,0.16505039966923474,0.1380054930607504
13,520,1.3475152186759207,0.17311789746714853,0.23327900146216027
13,540,1.8819643787010714,0.17311789746714853,0.32580171634879795
13,560,2.277786178622665,0.15735885676490252,0.3584298290229586
13,580,2.7568587026633335,0.13001385550760663,0.35842982902295856
13,600,3.032950238906007,0.08875371253757872,0.26918559364464445
13,620,3.2580171634879806,0.10241479364986744,0.33366915550634796
13,640,3.3366915550634793,0.11267134313695272,0.3759495191427296
13,660,3.4172657708508143,0.11267134313695272,0.38502792425769533
13,680,3.4172657708508143,0.10241479364986744,0.34997856876844136
13,700,3.4172657708508143,0.10241479364986744,0.34997856876844136
13,720,3.4172657708508143,0.11001471479027733,0.37594951914272956
13,740,3.4172657708508143,0.11817860524881053,0.4038477025636506
13,760,3.4172657708508143,0.0930919048829988,0.3181197800999716
13,780,3.5842982902295852,0.0930919048829988,0.3336691555063478
13,800,3.5842982902295852,0.0930919048829988,0.3336691555063478
13,820,3.4997856876844127,0.0930919048829988,0.3258017163487979
13,840,3.3366915550634793,0.11267134313695272,0.3759495191427296
13,860,3.032950238906007,0.18157972645632142,0.5507222747361875
13,880,2.505899967944082,0.30693515405837096,0.7691487927157837
13,900,1.9739529077282647,0.16505039966923474,0.3258017163487981
16,480,0.09089693155195777,0.008770112842579524,0.0007971763467548967
16,500,0.14303437232453678,0.028234311515510643,0.0040384770256365055
16,520,0.3896490081928871,0.06665522471363272,0.025972142200541008
16,540,0.6908412134630413,0.07333055536152153,0.050659769849872256
16,560,1.167770534862861,0.10241479364986744,0.11959697835837525
16,580,1.5549264263432159,0.09764214371399989,0.15182634958570054
16,600,1.9739529077282647,0.12395505680249332,0.2446814448029039
16,620,2.277786178622665,0.11267134313695272,0.2566412281242026
16,640,2.566412281242026,0.12103237470386072,0.3106189728678748
16,660,2.7568587026633335,0.12395505680249332,0.34172657708508153
16,680,3.032950238906007,0.12395505680249332,0.3759495191427298
16,700,3.2580171634879806,0.12395505680249332,0.40384770256365077
16,720,3.4172657708508143,0.12395505680249332,0.4235873727350288
16,740,3.4997856876844127,0.11267134313695272,0.3943255541228865
16,760,3.6708516977343564,0.13636880220938927,0.5005896491083373
16,780,3.8502792425769545,0.13636880220938927,0.5250579684818938
16,800,3.943255541228866,0.16115874844556538,0.6354901278254845
16,820,3.943255541228866,0.17311789746714853,0.6826481084732241
16,840,3.7594951914272965,0.17311789746714853,0.6508359030777486
16,860,3.4997856876844127,0.15002574881357703,0.5250579684818937
16,880,3.181197800999717,0.15735885676490252,0.5005896491083374
16,900,2.628385842038876,0.13636880220938927,0.35842982902295856
17,480,0.07510133695580408,0.0011267134313695279,8.461768506191314e-05
17,500,0.01380054930607504,0.004390227710507409,6.058755398375444e-05
17,520,0.07691487927157838,0.016309296686593876,0.0012544275856537213
17,540,0.2417796191340484,0.0466008440002071,0.011267134313695278
17,560,0.5986900943083647,0.07691487927157838,0.046048176324817745
17,580,1.0120019449085433,0.07333055536152153,0.0742106646470834
17,600,1.4824650245818964,0.08875371253757872,0.1315742746387562
17,620,1.8819643787010714,0.12395505680249332,0.23327900146216035
17,640,2.277786178622665,0.15735885676490252,0.3584298290229586
17,660,2.628385842038876,0.1904551611494083,0.5005896491083374
17,680,3.032950238906007,0.21977025491086027,0.6665522471363278
17,700,3.3366915550634793,0.26599315841134213,0.8875371253757876
17,720,3.6708516977343564,0.29969806423446155,1.1001471479027733
17,740,3.8502792425769545,0.32193783617504945,1.239550568024933
17,760,4.038477025636506,0.32193783617504945,1.3001385550760665
17,780,4.235873727350287,0.35417899226997096,1.5002574881357704
17,800,4.3381613371347445,0.4496242650475462,1.9505426028668897
17,820,4.235873727350287,0.4604817632481773,1.9505426028668893
17,840,4.038477025636506,0.4496242650475462,1.8157972645632143
17,860,3.6708516977343564,0.4496242650475462,1.6505039966923472
17,880,3.181197800999717,0.3714909057577997,1.1817860524881054
17,900,2.7568587026633335,0.16903602623952815,0.4660084400020708
23,480,0.09764214371399989,0.002250772530707451,0.00021977025491086015
23,500,0.00742106646470834,0.0031434700466778332,2.3327900146216027e-05
23,520,0.02120434542841504,0.0031434700466778332,6.665522471363272e-05
23,540,0.08067440133510437,0.010364397036107299,0.0008361415260872864
23,560,0.2926316145878888,0.029614376310467056,0.0086661027547453
23,580,0.5986900943083647,0.023327900146216028,0.013966182738554189
23,600,1.0120019449085433,0.01554926426343215,0.015735885676490244
23,620,1.4133804094364963,0.06058755398375444,0.08563326185631467
23,640,1.8819643787010714,0.08666102754745296,0.16309296686593874
23,660,2.389122079759427,0.14303437232453678,0.34172657708508153
23,680,3.032950238906007,0.15735885676490252,0.47726158221908727
23,700,3.6708516977343564,0.2417796191340484,0.8875371253757877
23,720,4.235873727350287,0.2926316145878888,1.2395505680249332
23,740,4.887864645997705,0.3714909057577997,1.8157972645632143
23,760,5.377370349629174,0.3714909057577997,1.9976441817788777
23,780,5.915898653361476,0.5188309875524444,3.069351540583711
23,800,6.354901278254845,0.6279534649342151,3.9905822769950023
23,820,6.508359030777487,0.6586471997309898,4.286712450465491
23,840,6.665522471363276,0.7971763467548976,5.313596852934053
23,860,6.508359030777487,0.7600269906450559,4.946528528199385
23,880,6.0587553983754425,0.7600269906450559,4.604817632481774
23,900,5.640210812549223,0.17311789746714853,0.976421437139999
24,480,0.08067440133510437,0.0011539212357624426,9.309190488299887e-05
24,500,0.003990582276995002,0.0018596450216023534,7.421066464708339e-06
24,520,0.013157427463875625,0.0038046164455987387,5.005896491083371e-05
24,540,0.059158986533614774,0.01380054930607504,0.00081642651055458
24,560,0.2360788031860291,0.050058964910833705,0.011817860524881048
24,580,0.531359685293405,0.055072227473618736,0.029263161458788867
24,600,0.9198787151680005,0.03417265770850816,0.03143470046677835
24,620,1.2847194233342731,0.050058964910833705,0.06431172453295689
24,640,1.710647873140141,0.06665522471363272,0.11402361839005398
24,660,2.277786178622665,0.10742072592206975,0.2446814448029039
24,680,2.7568587026633335,0.13001385550760663,0.35842982902295856
24,700,3.3366915550634793,0.17311789746714853,0.5776410265089797
24,720,3.8502792425769545,0.21977025491086027,0.8461768506191313
24,740,4.235873727350287,0.26599315841134213,1.1267134313695273
24,760,4.660084400020708,0.32193783617504945,1.5002574881357702
24,780,5.126778561668991,0.3714909057577997,1.904551611494083
24,800,5.250579684818938,0.42867124504654913,2.2507725307074513
24,820,5.507222747361873,0.5188309875524444,2.857317816685047
24,840,5.250579684818938,0.531359685293405,2.789946368933337
24,860,5.126778561668991,0.570790431199401,2.9263161458788884
24,880,4.660084400020708,0.570790431199401,2.6599315841134215
24,900,4.235873727350287,0.15002574881357703,0.6354901278254844
