asset_type,output,source,identity,target_reflectance_780,secondary_target,measurement_assignment,sha256
iris,Assets/Resources/NIRAlbedo/IrisTextures/eyeball_amber.png,Assets/Resources/IrisTextures/eyeball_amber.png,eyeball_amber,0.029614,0.500000,DiCecilia2020_Franssen_4,fb260c525e6425ab9c72ea954ff7ed87e9c6758f21a56b20716b702678b739ed
iris,Assets/Resources/NIRAlbedo/IrisTextures/eyeball_brown.png,Assets/Resources/IrisTextures/eyeball_brown.png,eyeball_brown,0.037595,0.522500,DiCecilia2020_Franssen_11,f732e5627be407719f904f657697802193b100ca44228d04e97c6200a064d140
iris,Assets/Resources/NIRAlbedo/IrisTextures/eyeball_green.png,Assets/Resources/IrisTextures/eyeball_green.png,eyeball_green,0.042359,0.545000,DiCecilia2020_Franssen_17,69bfa73d5a5523601294edbc2d1ce99f03c90b59bd3a76e7965cec8363d5fa6a
iris,Assets/Resources/NIRAlbedo/IrisTextures/eyeball_grey.png,Assets/Resources/IrisTextures/eyeball_grey.png,eyeball_grey,0.051268,0.567500,DiCecilia2020_Franssen_24,86f4448375b2d3103de8feabf66816ad64e65938a80b6641072295788b6b5e22
iris,Assets/Resources/NIRAlbedo/IrisTextures/eyeball_grey_1.png,Assets/Resources/IrisTextures/eyeball_grey_1.png,eyeball_grey_1,0.066655,0.590000,DiCecilia2020_Franssen_10,f51582a5f1a14a30ba6df768df71e53bc7565d955bc9c0bae9dcddd4b2b0fd35
skin,Assets/Resources/NIRAlbedo/SkinTextures/f01_color.png,Assets/Resources/SkinTextures/f01_color.png,f01,0.434533,,NIST_skin_subject_44,132d8e438bfffa6940f22f4d9e8966b8f6f253bf64823404dbcd13fc41906b48
skin,Assets/Resources/NIRAlbedo/SkinTextures/f01_color_look_down.png,Assets/Resources/SkinTextures/f01_color_look_down.png,f01,0.434533,,NIST_skin_subject_44,9fe9ccfc9c7dfcb0082a29b64e7490e4f3707180018af215c668f07afe05721d
skin,Assets/Resources/NIRAlbedo/SkinTextures/f02_color.png,Assets/Resources/SkinTextures/f02_color.png,f02,0.526267,,NIST_skin_subject_61,6be6c5e529c6c536150a86e59633afe1b484227650da70aa5c2464c02f013a02
skin,Assets/Resources/NIRAlbedo/SkinTextures/f02_color_look_down.png,Assets/Resources/SkinTextures/f02_color_look_down.png,f02,0.526267,,NIST_skin_subject_61,71d24ea78cd32d624c41e4b61d422e073d295dc177953db7117e64e4ac705f8a
skin,Assets/Resources/NIRAlbedo/SkinTextures/f03_color.png,Assets/Resources/SkinTextures/f03_color.png,f03,0.568033,,NIST_skin_subject_33,6d11564a2dcfc9e56fb86f7c08de7c5be5a423e5c2b1c78ef73b83c72def245e
skin,Assets/Resources/NIRAlbedo/SkinTextures/f03_color_look_down.png,Assets/Resources/SkinTextures/f03_color_look_down.png,f03,0.568033,,NIST_skin_subject_33,1c0837d72788724b34c6b1bcafbe82fe7999322d662e3b314466e87f00fee057
skin,Assets/Resources/NIRAlbedo/SkinTextures/f04_color.png,Assets/Resources/SkinTextures/f04_color.png,f04,0.575633,,NIST_skin_subject_75,5bdb12230de431339414097705b1215abeeb23901460785dc83ee9988f9c5321
skin,Assets/Resources/NIRAlbedo/SkinTextures/f04_color_look_down.png,Assets/Resources/SkinTextures/f04_color_look_down.png,f04,0.575633,,NIST_skin_subject_75,27e1b9106ff197760a3208f765319c5b5b99a184ed24b65fc00e71d7baf667c3
skin,Assets/Resources/NIRAlbedo/SkinTextures/f05_color.png,Assets/Resources/SkinTextures/f05_color.png,f05,0.593400,,NIST_skin_subject_66,9b5c4347384d1df902c4c4a43a27700a80088a1d94effb4e0d2aa2d8a77c4b32
skin,Assets/Resources/NIRAlbedo/SkinTextures/f05_color_look_down.png,Assets/Resources/SkinTextures/f05_color_look_down.png,f05,0.593400,,NIST_skin_subject_66,6fd8256135fd14922b30c728d9c81fad89a572bfd4554588716f5532343f8eaa
skin,Assets/Resources/NIRAlbedo/SkinTextures/m01_color.png,Assets/Resources/SkinTextures/m01_color.png,m01,0.599800,,NIST_skin_subject_11,bf57b8d6a7df25c9d20b5cb741a1a43d0edb3268ca43cacec3e37d1dc7004799
skin,Assets/Resources/NIRAlbedo/SkinTextures/m01_color_look_down.png,Assets/Resources/SkinTextures/m01_color_look_down.png,m01,0.599800,,NIST_skin_subject_11,bf57b8d6a7df25c9d20b5cb741a1a43d0edb3268ca43cacec3e37d1dc7004799
skin,Assets/Resources/NIRAlbedo/SkinTextures/m02_color.png,Assets/Resources/SkinTextures/m02_color.png,m02,0.606200,,NIST_skin_subject_31,34e359397641524b30a05237c76c8ed837c69726d35b23bf8503ae631a86b08d
skin,Assets/Resources/NIRAlbedo/SkinTextures/m02_color_look_down.png,Assets/Resources/SkinTextures/m02_color_look_down.png,m02,0.606200,,NIST_skin_subject_31,3dc1f9aae115a2269dcc4a960c7682907bdd03e45253699164e167307f55f0d7
skin,Assets/Resources/NIRAlbedo/SkinTextures/m03_color.png,Assets/Resources/SkinTextures/m03_color.png,m03,0.607800,,NIST_skin_subject_64,71e8f487f1313322173bc6330cda52c31400e1d307e72276615832711066c046
skin,Assets/Resources/NIRAlbedo/SkinTextures/m03_color_look_down.png,Assets/Resources/SkinTextures/m03_color_look_down.png,m03,0.607800,,NIST_skin_subject_64,99a7c30febe9a6d1207c096c0526f574e5dafd482025304a6c762d8d86739bcf
skin,Assets/Resources/NIRAlbedo/SkinTextures/m04_color.png,Assets/Resources/SkinTextures/m04_color.png,m04,0.611933,,NIST_skin_subject_20,e0f9a675ba55a6fe1bafe78aa5fea958431fa933210e50439445b1aedf357017
skin,Assets/Resources/NIRAlbedo/SkinTextures/m04_color_look_down.png,Assets/Resources/SkinTextures/m04_color_look_down.png,m04,0.611933,,NIST_skin_subject_20,f60304de7cfd78f1568a66ba5b6951bc428f5c6f109ec236cb7d41763b0ff3e2
skin,Assets/Resources/NIRAlbedo/SkinTextures/m05_color.png,Assets/Resources/SkinTextures/m05_color.png,m05,0.615333,,NIST_skin_subject_93,9da3f5bd47df283ae3bf9301fe69d3c0e408b7ca81b63f78b6c613aa58a8396c
skin,Assets/Resources/NIRAlbedo/SkinTextures/m05_color_look_down.png,Assets/Resources/SkinTextures/m05_color_look_down.png,m05,0.615333,,NIST_skin_subject_93,c06e2f56c5884520a4dbee7b99030fbcb86584f60b10c20aa4ba59fe6f4c0465
skin,Assets/Resources/NIRAlbedo/SkinTextures/m06_color.png,Assets/Resources/SkinTextures/m06_color.png,m06,0.619433,,NIST_skin_subject_95,a37ca284d740f8a83e118008abf2922b2489d1f8bf5d2164f3e4a73870e901a5
skin,Assets/Resources/NIRAlbedo/SkinTextures/m06_color_look_down.png,Assets/Resources/SkinTextures/m06_color_look_down.png,m06,0.619433,,NIST_skin_subject_95,c3da7db89521e1f2c8bb49b90d34110dc3de65e911ca4ab4d5adb59e08a6b9d0
skin,Assets/Resources/NIRAlbedo/SkinTextures/m07_color.png,Assets/Resources/SkinTextures/m07_color.png,m07,0.622967,,NIST_skin_subject_51,35f3359620a8071f539929aa47649a53b14ab61ed845d1364564127d9706dfcc
skin,Assets/Resources/NIRAlbedo/SkinTextures/m07_color_look_down.png,Assets/Resources/SkinTextures/m07_color_look_down.png,m07,0.622967,,NIST_skin_subject_51,172e14b9036574f3f300798e1a428d178abbeec690a7186c4bc5628d419c287c
skin,Assets/Resources/NIRAlbedo/SkinTextures/m08_color.png,Assets/Resources/SkinTextures/m08_color.png,m08,0.627467,,NIST_skin_subject_18,d333a9cc7131c3e6b777868fe59aa1292fa044bab8c06c05cc208c5812ddbb42
skin,Assets/Resources/NIRAlbedo/SkinTextures/m08_color_look_down.png,Assets/Resources/SkinTextures/m08_color_look_down.png,m08,0.627467,,NIST_skin_subject_18,7f5a01e76759b86fba1d9bd55b4bdac8029981dbf143018c0da0f3bda32b7d29
skin,Assets/Resources/NIRAlbedo/SkinTextures/m09_color.png,Assets/Resources/SkinTextures/m09_color.png,m09,0.633767,,NIST_skin_subject_35,3c5566ba831d1d78614cee7bdc0a6d1cf634666bd0af654766342e44cf519fa4
skin,Assets/Resources/NIRAlbedo/SkinTextures/m09_color_look_down.png,Assets/Resources/SkinTextures/m09_color_look_down.png,m09,0.633767,,NIST_skin_subject_35,8451fc50b09571364db84db1736b2fa9a7b2cf632cf60160aed9e7789b2d00d8
skin,Assets/Resources/NIRAlbedo/SkinTextures/m10_color.png,Assets/Resources/SkinTextures/m10_color.png,m10,0.636167,,NIST_skin_subject_54,018677d2e04a92cc8513f879b1b0f87777ff62ac06ac367d97b203991f5012f6
skin,Assets/Resources/NIRAlbedo/SkinTextures/m10_color_look_down.png,Assets/Resources/SkinTextures/m10_color_look_down.png,m10,0.636167,,NIST_skin_subject_54,aae4730ba070030e5e625f46819ff99c497fb945e3c57e7f0dfb7799a09a521f
skin,Assets/Resources/NIRAlbedo/SkinTextures/m11_color.png,Assets/Resources/SkinTextures/m11_color.png,m11,0.637900,,NIST_skin_subject_86,2fcabf62c196669319cd6c655d50cd74a49568787aa4ccd5621f9a97f0e720bb
skin,Assets/Resources/NIRAlbedo/SkinTextures/m11_color_look_down.png,Assets/Resources/SkinTextures/m11_color_look_down.png,m11,0.637900,,NIST_skin_subject_86,6b997ac22415518f9be269b93ed46db8ab62c6e12867788b861c892c8c60ff25
skin,Assets/Resources/NIRAlbedo/SkinTextures/m12_color.png,Assets/Resources/SkinTextures/m12_color.png,m12,0.647300,,NIST_skin_subject_36,50ba546a1d72ca52d7a7c3ffb62b4338f9503733bb41390f6fbe9208e7853d62
skin,Assets/Resources/NIRAlbedo/SkinTextures/m12_color_look_down.png,Assets/Resources/SkinTextures/m12_color_look_down.png,m12,0.647300,,NIST_skin_subject_36,145b1c8db7663c18a317265b8ad81ce928b1a272c7e01e534a27016e220b82ad
skin,Assets/Resources/NIRAlbedo/SkinTextures/m13_color.png,Assets/Resources/SkinTextures/m13_color.png,m13,0.657000,,NIST_skin_subject_92,8fd8f26489c3bbd3820da4c3e7d75d321f5a2d101bc6e1f3f55c74d9ab133be7
skin,Assets/Resources/NIRAlbedo/SkinTextures/m13_color_look_down.png,Assets/Resources/SkinTextures/m13_color_look_down.png,m13,0.657000,,NIST_skin_subject_92,1973a9e6518ccb85e73df8c4fc422cc41e40a5aae88d2e6cfa226a648534bf7a
skin,Assets/Resources/NIRAlbedo/SkinTextures/m14_color.png,Assets/Resources/SkinTextures/m14_color.png,m14,0.664933,,NIST_skin_subject_50,d6f0b5fa00e25ce3d0931bf92fcd47f6a880adc68b8cf38aba8743801c5881b5
skin,Assets/Resources/NIRAlbedo/SkinTextures/m14_color_look_down.png,Assets/Resources/SkinTextures/m14_color_look_down.png,m14,0.664933,,NIST_skin_subject_50,ae400bb5c01f9503a5bb909502b32dde37985c3701bea75192ef3aa585c0b5fd
skin,Assets/Resources/NIRAlbedo/SkinTextures/m15_color.png,Assets/Resources/SkinTextures/m15_color.png,m15,0.681733,,NIST_skin_subject_88,e8203f2fbd1f9b164566210514d074ee694f9b2d8a30987c81cae18f574e200d
skin,Assets/Resources/NIRAlbedo/SkinTextures/m15_color_look_down.png,Assets/Resources/SkinTextures/m15_color_look_down.png,m15,0.681733,,NIST_skin_subject_88,3607f4e12bfd2f012a839cb4bc355a5fc4fbbd93efe57771ffdea03a5fb3d82c
