subject,reflectance_778nm,reflectance_781nm,reflectance_780nm_linear
1,0.6027,0.6042,0.603700
2,0.6653,0.6666,0.666167
3,0.5733,0.5738,0.573633
4,0.6431,0.6442,0.643833
5,0.6583,0.6604,0.659700
6,0.4869,0.4911,0.489700
7,0.5982,0.5994,0.599000
8,0.5822,0.5849,0.584000
9,0.6082,0.6099,0.609333
10,0.6139,0.6157,0.615100
11,0.5994,0.6000,0.599800
12,0.6476,0.6492,0.648667
13,0.6322,0.6335,0.633067
14,0.6494,0.6505,0.650133
15,0.6368,0.6383,0.637800
16,0.6336,0.6345,0.634200
17,0.5170,0.5204,0.519267
18,0.6260,0.6282,0.627467
19,0.6072,0.6075,0.607400
20,0.6114,0.6122,0.611933
21,0.6277,0.6295,0.628900
22,0.6688,0.6692,0.669067
23,0.6654,0.6663,0.666000
24,0.6198,0.6207,0.620400
25,0.5752,0.5755,0.575400
26,0.6064,0.6071,0.606867
27,0.5692,0.5706,0.570133
28,0.6147,0.6162,0.615700
29,0.5417,0.5435,0.542900
30,0.6360,0.6376,0.637067
31,0.6050,0.6068,0.606200
32,0.6085,0.6099,0.609433
33,0.5675,0.5683,0.568033
34,0.5710,0.5727,0.572133
35,0.6333,0.6340,0.633767
36,0.6461,0.6479,0.647300
37,0.5500,0.5510,0.550667
38,0.6039,0.6054,0.604900
39,0.5538,0.5559,0.555200
40,0.6077,0.6100,0.609233
41,0.5020,0.5045,0.503667
42,0.6642,0.6649,0.664667
43,0.6127,0.6142,0.613700
44,0.4320,0.4358,0.434533
45,0.5794,0.5807,0.580267
46,0.5943,0.5955,0.595100
47,0.6417,0.6427,0.642367
48,0.6308,0.6314,0.631200
49,0.6155,0.6175,0.616833
50,0.6642,0.6653,0.664933
51,0.6227,0.6231,0.622967
52,0.6241,0.6259,0.625300
53,0.6739,0.6750,0.674633
54,0.6357,0.6364,0.636167
55,0.6526,0.6545,0.653867
56,0.6575,0.6586,0.658233
57,0.6082,0.6106,0.609800
58,0.6033,0.6040,0.603767
59,0.6353,0.6365,0.636100
60,0.6232,0.6239,0.623667
61,0.5240,0.5274,0.526267
62,0.6274,0.6287,0.628267
63,0.6199,0.6215,0.620967
64,0.6066,0.6084,0.607800
65,0.6342,0.6362,0.635533
66,0.5928,0.5937,0.593400
67,0.6172,0.6180,0.617733
68,0.6140,0.6156,0.615067
69,0.6249,0.6261,0.625700
70,0.5732,0.5758,0.574933
71,0.6098,0.6106,0.610333
72,0.5469,0.5493,0.548500
73,0.6380,0.6390,0.638667
74,0.6563,0.6575,0.657100
75,0.5743,0.5763,0.575633
76,0.6062,0.6084,0.607667
77,0.6510,0.6524,0.651933
78,0.6028,0.6039,0.603533
79,0.6265,0.6275,0.627167
80,0.6372,0.6381,0.637800
81,0.6453,0.6460,0.645767
82,0.6361,0.6375,0.637033
83,0.5818,0.5823,0.582133
84,0.5798,0.5800,0.579933
85,0.6164,0.6185,0.617800
86,0.6373,0.6382,0.637900
87,0.5936,0.5950,0.594533
88,0.6812,0.6820,0.681733
89,0.6540,0.6550,0.654667
90,0.6061,0.6082,0.607500
91,0.6332,0.6355,0.634733
92,0.6558,0.6576,0.657000
93,0.6146,0.6157,0.615333
94,0.6184,0.6205,0.619800
95,0.6187,0.6198,0.619433
96,0.5922,0.5945,0.593733
97,0.6260,0.6281,0.627400
98,0.4902,0.4942,0.492867
99,0.6114,0.6131,0.612533
100,0.6206,0.6218,0.621400
